Model,Make
1,AIRO
1-L Malamut,MARA WING
4-AT Tri-Motor,FORD
5-AT Tri-Motor,FORD
01 Colibri,NEW HORIZONS
01 Isatis,AEROJAMES
10,FLEET
10,WACO
11,FLEET
16 Finch,FLEET
27 VariViggen,RUTAN
28 Catalina,CONSOLIDATED
28 Catalina,CONVAIR
32 VariViggen,RUTAN
33 VariEze,RUTAN
40 Defiant,RUTAN
44 Angel,ANGEL
50 Pantera,ENAER
55 Twin Navion,RILEY
56 Paulistinha,NEIVA
60 Fort,FLEET
61,JETSTREAM
61 Long-EZ,RUTAN
77 Solitaire,RUTAN
80 Canuck,FLEET
80 Canuck,LEAVENS
90,EXPRESS
100 Centennial,FOUND
100 Lark Commander,NORTH AMERICAN ROCKWELL
100 Sunbird,VERILITE
101 Arava,IAI
102 Arava,IAI
122 Zephyr,ATEC
125,WACO
145 Jet Provost,BAC
149 Blenheim,BRISTOL
149 Bolingbroke,BRISTOL
151 Ares,SCALED
151 Ares,RUTAN
167 Strikemaster,BAC
170 Mars,MARTIN
171 Sycamore,BRISTOL
175 Skyranger,REARWIN
180 Skyranger,REARWIN
201 Arava,IAI
202 Arava,IAI
202 Boomerang,RUTAN
209 HueyCobra,BELL
209 SuperCobra,BELL
214ST SuperTransport,BELL
281 Proteus,RUTAN
281 Proteus,SCALED
311 Global Flyer,SCALED
318 White Knight,RUTAN
318 White Knight,SCALED
321 Faeta,ATEC
358 Gavilan,AERO MERCANTIL
"360, SHORT SH36 M364 Prowler",MORSE
367 BiPod,RUTAN
367 BiPod,SCALED
377SGT Super Guppy,AERO SPACELINES
415 Ercoupe,ERCO
449 SuperCobra,BELL
480 Twin Navion,CAMAIR
594 Avian,AVRO
616 Avian,AVRO
621 Tutor,AVRO
636 Snobird Adventurer,CALUMET
636 Snobird Adventurer,SNOBIRD
652 Anson,AVRO
683 Lancaster,AVRO
696 Shackleton,AVRO
698 Vulcan,AVRO
747-400LCF Dreamlifter,BOEING
747SCA Shuttle Carrier,BOEING
1050 Alizé,BREGUET
1121 Commodore Jet,IAI
1121 Jet Commander,AERO COMMANDER
1125 Astra,IAI
1125 Gulfstream G100,IAI
1126 Galaxy,IAI
1126 Gulfstream G200,IAI
1150 Atlantic,DASSAULT
1150 Atlantic,BREGUET
2000,TRAVEL AIR
2000 Starship,BEECH
2000 Starship,RAYTHEON
2091,PANHA
2501 Noratlas,NORDFLUG
2501 Noratlas,NORD
4500 Evangel,EVANGEL
7000 Sportster,REARWIN
8500 Sportster,REARWIN
9000 Sportster,REARWIN
A-1,AMX
A-1,EMBRAER
A-1 Husky,CHRISTEN
A-1 Husky,AVIAT
A-1 Husky Pup,AVIAT
A-2,CALLAIR
A-2 Aircoupe,ALON
A-2 Aircoupe,MOONEY
A-3,CALLAIR
A-4,CALLAIR
A6M Zero,MITSUBISHI
A-10 Catalina,CANADIAN VICKERS
A-10 Catalina,CANADAIR
A-10 Catalina,CONSOLIDATED
A-10 Catalina,CONVAIR
A-24 Dauntless,DOUGLAS
A-27 Tucano,EMBRAER
A-109 Airedale,BEAGLE
A-200 Aeriks 200,ACEAIR
A-200 Aeris 200,ACEAIR
A-220,AEROTREK
A-240,AEROTREK
A Tri-Motor,STINSON
Acapella,OPTION AIR
ACBA-8 Midour 2,ACBA
Acey Deucy,POWELL
Acey Deucy P-70,POWELL
Acro 1,AIRCRAFT TECHNOLOGIES
Acro-Sport 1,ACRO SPORT
Acro-Sport 1,EAA
ACS-100 Sora,ACS
Adel,USTINOV
ADV-01 Papango,ALMS
ADV-01 Papango,SAUPER
Adventure,MEAD
Adventurer,ADVENTURE AIR
Adventurer,AUSTER
Adventurer J-5,AUSTER
Aerial,PIETENPOL
Aeriks 200,ACEAIR
Aeriks 200 A-200,ACEAIR
Aeris 200,ACEAIR
Aeris 200 A-200,ACEAIR
Aero Subaru,FUJI
Aero Subaru FA-200,FUJI
Aerobat,BRADLEY
Aerobat BA-100,BRADLEY
AeroCanard,AEROCAD
Aerocar,AEROCAR
Aerocraft,SERVOPLANT
Aerocruiser,NORMAND DUBE
Aerocruiser Turbo 450,NORMAND DUBE
Aeropup,SUPAPUP
AeroSkiff,AEROLITES
Aerostar,AICSA
Aerostar,PIPER
Aerostar,TED SMITH
Aerostar PA-60,PIPER
AGC,WACO
Ag-Chuspi,INDAER PERU
Ag-Chuspi IAP-002,INDAER PERU
AH-1 HueyCobra,FUJI
AH-1E HueyCobra,BELL
AH-1F HueyCobra,BELL
AH-1P HueyCobra,BELL
AH-1S HueyCobra,BELL
AH-1W SuperCobra,BELL
AH-1Z SuperCobra,BELL
AH-2 Rooivalk,DENEL
AH-11 Super Lynx,WESTLAND
Aiglet Trainer,AUSTER
Aiglet Trainer J-5F,AUSTER
Aiglet Trainer J-5K,AUSTER
Aiglet Trainer J-5L,AUSTER
Air Cam,LEZA
Air Cam,LOCKWOOD
Air Car Junior,SPENCER
Air Shark,FREEDOM MASTER
Air Shark FM-2,FREEDOM MASTER
Aircamper,GREGA
Aircamper,PIETENPOL
Aircamper B-4,PIETENPOL
Aircamper GN-1,GREGA
Aircoupe,FORNEY
Aircoupe,AIR PRODUCTS
Aircoupe,FORNAIRE
Aircoupe,ALON
Aircoupe,MOONEY
Aircoupe A-2,MOONEY
Aircoupe A-2,ALON
Aircoupe F-1,AIR PRODUCTS
Aircoupe F-1,FORNEY
Aircoupe F-1,FORNAIRE
Aircruiser,VICTA
Airedale,BEAGLE
Airedale A-109,BEAGLE
Airelle,AERONIX
Airmaster,CESSNA
"Airmaster C-38, CESSNA CMAS LAirmaster C-145",CESSNA
Airmaster C-165,CESSNA
Airone,GENERAL AVIA
Airone F-220,GENERAL AVIA
Airtourer,AESL
Airtourer,VICTA
AirTourer,MILLICER
AirTourer M-10,MILLICER
Akoya,LISA
Akro,STEPHENS
Akro Z,LASER
Alaskan Bushmaster,AVIATION DEVELOPMENT
Albatross,SKYGEAR
ALH Dhruv,HINDUSTAN
Alizé,BREGUET
Alizé 1050,BREGUET
Allegro,FANTASY AIR
Alpha Jet,AOI
Alpha Jet,SABCA
Alpine,AUSTER
Alpine J-5Q,AUSTER
Alpine J-5R,AUSTER
Altania,AMEUR
Alto,DIRECT FLY
American Eaglet,AMEAGLE
AMT-600 Guri,AEROMOT
AMX,AMX
AMX,EMBRAER
AMX Ghibli,AMX
AMX Ghibli,AERMACCHI
AMX Ghibli,ALENIA
AMX Ghibli,AERITALIA
Angel,ANGEL
Angel 44,ANGEL
Ansat,KAZAN
Anson,AVRO
Anson 652,AVRO
AP-68TP-600 A-Viator,VULCANAIR
AP-68TP-600 Viator,PARTENAVIA
AP-68TP-600 Viator,TANEJA
AP-68TP-600 Viator,VULCANAIR
AP-68TP-601 Marlin,VULCANAIR
Apollo Fox,HALLEY
AQC,WACO
Arava,IAI
Arava 101,IAI
Arava 102,IAI
Arava 201,IAI
Arava 202,IAI
ARE Aristocrat,WACO
Ares,SCALED
Ares,RUTAN
Ares 151,RUTAN
Ares 151,SCALED
Aristocrat,WACO
Aristocrat ARE,WACO
Aristocrat E (ARE/HRE/SRE),WACO
Aristocrat HRE,WACO
Aristocrat SRE,WACO
Arrow,COBRA
ASO,WACO
Astra,IAI
Astra 1125,IAI
Astra C-38,IAI
AT-19 Reliant,STINSON
ATL,ROBIN
ATL-98 Carvair,AVIATION TRADERS
Atlant,MYASISHCHEV
Atlantic,DASSAULT
Atlantic,BREGUET
Atlantic 1150,BREGUET
Atlantique 2,DASSAULT
Atlantis,AIRCRAFT TECHNOLOGIES
Atlant VM-T,MYASISHCHEV
ATO,WACO
ATP,BRITISH AEROSPACE
ATTL-1,EURONEF
AU-24 Stallion,HELIO
AU Corsair,CHANCE VOUGHT
Aucán,ENAER
Aucán T-35TX,ENAER
Austalian LightWing Sport 2000,HOWARD HUGHES
Australian LightWing   GR-912,HOWARD HUGHES
Australian LightWing  GA-912,HOWARD HUGHES
Australian LightWing GR-582,HOWARD HUGHES
Autocar,AUSTER
Autocar J-5B,AUSTER
Autocar J-5E,AUSTER
Autocar J-5G,AUSTER
Autocar J-5H,AUSTER
Autocar J-5P,AUSTER
Autocar J-5T,AUSTER
Autocar J-5V,AUSTER
AV-8 Harrier,ALENIA
AV-8 Harrier,BOEING
AV-8 Harrier,HAWKER SIDDELEY
AV-8 Harrier,MCDONNELL DOUGLAS
Avalon 680,AIRMASTER
Avenger,GRUMMAN
Avenger,GENERAL MOTORS
Avenger G-40,GRUMMAN
Avenger TBF,GRUMMAN
Avenger TBM,GENERAL MOTORS
Aventura 2,AERO ADVENTURE
Aventura 2,ARNET PEREYRA
KT-112 Yanhol,AVIAIMPEX
Yanhol,AVIAIMPEX
Avian,AVRO
Avian 594,AVRO
Avian 616,AVRO
A-Viator,VULCANAIR
Avid Amphibian,AVID
Avid Amphibian,LIGHT AERO
Avid Commuter,AVID
Avid Flyer,LIGHT AERO
Avid Flyer,AVID
Avid Flyer,AIRDALE
Avid Flyer,YALO
AVN,WACO
AW,CESSNA
AW-159 Lynx Wildcat,WESTLAND
B,FUNK
B,TRAVEL AIR
B,TIPSY
B-4 Aircamper,PIETENPOL
B-121 Pup,BEAGLE
B-125 Bulldog,BEAGLE
B-206,BEAGLE
BA-7,ANDREASSON
BA-100 Aerobat,BRADLEY
Baby Belle,CANADIAN HOME ROTORS
Baby Lakes,AIRCRAFT SPRUCE
Baby Lakes,OLDFIELD
BAC-167 Strikemaster,BRITISH AEROSPACE
BAC-204 Ozzie Mozzie,BUCHANAN
Balbuzard,AMEUR
Baljims,AMEUR
Barracuda,BUETHE
Barracuda,JEFFAIR
Basset,BEAGLE
Battlefield Lynx,WESTLAND
BC,TIPSY
BD-700 Global Express,BOMBARDIER
Bearcat,GRUMMAN
Bearcat F8F,GRUMMAN
Bearcat G-58,GRUMMAN
Bearhawk,AVIPRO
Bearhawk RB-4,AVIPRO
Beaver,ASAP
Belfair,TIPSY
Belfast,SHORT
Belfast SC-5,SHORT
Berkut,BERKUT
Berkut,EXPERIMENTAL AVIATION
Beta,ROLLASON
Beta Bird,HOVEY
Bilouis,PENA
Biplane,EAA
BiPod,RUTAN
BiPod,SCALED
BJ-520 Bullet,BROKAW
Blenheim,BRISTOL
Blenheim 149,BRISTOL
BN-2A Mk3 Trislander,ANGLO NORMANDY
BN-2A Mk3 Trislander,AVIONS FAIREY
BO-208 Junior,BOLKOW
Bolingbroke,BRISTOL
Bolingbroke 149,BRISTOL
Boomerang,RUTAN
Boomerang 202,RUTAN
"Bravo, AEROBRAVO CH70 LBravo",TECNAM
Bravo P-2004,TECNAM
Breezer,BREEZER
Breezer,AEROSTYLE
Bright Star,CUSTOM FLIGHT
Broussard,MAX HOLSTE
Broussard MH-1521,MAX HOLSTE
Brumby,BRUMBY
BSO,WACO
BT-9 Yale,NORTH AMERICAN
BT-13 Valiant,CONVAIR
BT-13 Valiant,VULTEE
BT-14 Yale,NORTH AMERICAN
BT-15 Valiant,VULTEE
Buccaneer,ADVANCED AVIATION
Buccaneer,ARNET PEREYRA
Buccaneer,KEUTHAN
Buccaneer,HAWKER SIDDELEY
Buddy Baby Lakes,AIRCRAFT SPRUCE
Buddy Baby Lakes,OLDFIELD
Bulldog,BRITISH AEROSPACE
Bulldog,BEAGLE
Bulldog,SCOTTISH AVIATION
Bulldog B-125,BEAGLE
Bulldog SA-3,SCOTTISH AVIATION
Bulldog SA-3,BRITISH AEROSPACE
Bullet,BROKAW
Bullet BJ-520,BROKAW
Bushman,AAK
C,WACO
C-1 Skimmer,COLONIAL
C-2 Skimmer,COLONIAL
C-34,CESSNA
C-37,CESSNA
C-38 Airmaster,CESSNA
C-38 Astra,IAI
C-42 Regente,NEIVA
C-64 Norseman,NOORDUYN
C-121 Constellation,LOCKHEED
C-131,CONVAIR
C-131 Samaritan,CONVAIR
C-131H,CONVAIR
C-145 Airmaster,CESSNA
C-165 Airmaster,CESSNA
CA-21 Phantom,CORVUS
CA-25 Gazelle,SKYFOX
CA-25 Impala,SKYFOX
Cabinaire,PARAMOUNT
Cadet,CULVER
Cadet STF,LA FRANCE
Cadet LAR,CULVER
Cadet LCA,CULVER
Cadet LFA,CULVER
Cadet PQ-8,CULVER
Cadet PQ-14,CULVER
CA-J Comp Air Jet,COMP AIR
CA-J Comp Air Jet,AEROCOMP
Calao,ALMS
Calidus,AUTOGYRO
Calidus,ROTORSPORT
Camel,SOPWITH
Camel Replica,SOPWITH
Canberra,BAC
Canberra,ENGLISH ELECTRIC
Canberra,SHORT
Canso,BOEING CANADA
Canso,CONSOLIDATED
Canso,CANADIAN VICKERS
Canuck,FLEET
Canuck,LEAVENS
Canuck 80,LEAVENS
Canuck 80,FLEET
CAP-4 Paulistinha,PAULISTA
Capella,FLIGHTWORKS
Capella,CAPELLA
Carbon Bird,UNIVERSAL COMPOSITE
Carvair,AVIATION TRADERS
Carvair ATL-98,AVIATION TRADERS
Cassutt 3M,NATIONAL AERONAUTICS
Catalina,CANADAIR
Catalina,CONSOLIDATED
Catalina,FLY SYNTHESIS
Catalina,BOEING CANADA
Catalina,CONVAIR
Catalina,AVID
Catalina,CANADIAN VICKERS
Catalina 28,CONSOLIDATED
Catalina 28,CONVAIR
Catalina A-10,CONVAIR
Catalina A-10,CANADIAN VICKERS
Catalina A-10,CONSOLIDATED
Catalina A-10,CANADAIR
Catalina CL-1,CANADAIR
Catalina OA-10,CANADIAN VICKERS
Catalina OA-10,CONSOLIDATED
Catalina OA-10,CONVAIR
Catalina OA-10,CANADAIR
Catalina PBV,CANADIAN VICKERS
Catalina PBY,CANADIAN VICKERS
Catalina PBY,CONVAIR
Catalina PBY,CONSOLIDATED
Catalina PBY,BOEING CANADA
Cavalon,AUTOGYRO
Cavalon,ROTORSPORT
CC-109 Cosmopolitan,CANADAIR
Celebrity,FISHER AERO
Celebrity,FISHER
Celerity,MIRAGE
Centennial,FOUND
Centennial 100,FOUND
CH-33 Puma,AEROSPATIALE
"Chandra RTAF-4, RTAF RTA4 LChang-Gong 91",KOREAN AIR
Chang-Gong 91 CHK-91,KOREAN AIR
Chanute,CADCOR
Charlie,PARTENAVIA
Charlie P-66,PARTENAVIA
Cheetah,HINDUSTAN
Cheetah,ATLAS
Cheetah,RAINBOW
Cheetah SA-315,HINDUSTAN
Cheetal,HINDUSTAN
Chico,PODESVA
Chief,PAWNEE
Ching-Kuo,AIDC
Ching-Kuo F-CK-1,AIDC
Chinook,ASAP
CHK-91 Chang-Gong 91,KOREAN AIR
Choucas,ALPAERO
Choucas,NOIN
Chuspi,INDAER PERU
Chuspi IAP-001,INDAER PERU
Cicada,HYDROPLANE
CJ-3 Cracker Jack,PLUMB
CJC,WACO
CL-1 Catalina,CANADAIR
CL-66,CANADAIR
CL-600 Regional Jet  CRJ-1000,BOMBARDIER
CM-170R Magister,IAI
CM-170R Magister,AEROSPATIALE
CM-170R Magister,FOUGA
CM-170R Magister,SUDFLUG
CM-170R Magister,POTEZ
CM-170R Magister,SUD
CM-170R Magister,VALMET
CM-170R Tzukit,IAI
CM-175 Zéphyr,POTEZ
Colibri,NEW HORIZONS
Combat Explorer,MCDONNELL DOUGLAS
Combat Explorer MD-900,MCDONNELL DOUGLAS
Comet,AIRDALE
Comet,SKYGEAR
Commander  Elite Tandem,AIR COMMAND
Commander Elite Side-by-Side,AIR COMMAND
Commercial,LAIRD
Commercial LC-B200,LAIRD
"Commodore Jet, IAI JCOM MCommodore Jet 1121",IAI
Commuter,INTERNATIONAL HELICOPTERS
Commuter,HELICOM
Commuter,TAMARIND
Commuter H-1,INTERNATIONAL HELICOPTERS
Commuter H-1,TAMARIND
Commuter H-1,HELICOM
Comp Air Jet,COMP AIR
Comp Air Jet,AEROCOMP
Comp Air Jet CA-J,AEROCOMP
Condor,GENERAL AVIA
Condor F-20TP,GENERAL AVIA
Conquest,INPAER
Constellation,LOCKHEED
Constellation C-121,LOCKHEED
Constellation EC-121,LOCKHEED
Constellation L-049,LOCKHEED
Constellation L-749,LOCKHEED
Constellation R7V,LOCKHEED
Constellation RC-121,LOCKHEED
Constellation VC-121,LOCKHEED
Convairliner,CONVAIR
Convairliner CV-240,CONVAIR
Convairliner CV-340,CONVAIR
Coot,AEROCAR
Corone,CORVUS
Corriedale,SIVEL
Corriedale SD-27,SIVEL
"Corsair, CHANCE VOUGHT CORS MCorsair",GOODYEAR
Corsair AU,CHANCE VOUGHT
Corsair F4U,CHANCE VOUGHT
Corsair FG,GOODYEAR
Corsair V-166,CHANCE VOUGHT
Corsario,MICROLEVE
Corvus,WOLFSBERG
Cosmopolitan,CANADAIR
Cosmopolitan CC-109,CANADAIR
Cosy Classic,COSY
Cougar,ACRO SPORT
Cougar,EAA
Cougar,NESMITH
Courier,HELIO
Courier,RANS
Courier 2,HELIO
Courier 2 H-250,HELIO
Courier H-391,HELIO
Courier H-395,HELIO
Courier H-700,HELIO
Courier H-800,HELIO
Courier S-7,RANS
Coyote,MONTANA
Cozy,RUTAN
CP-1320 Saphir,PIEL
CPF,WACO
Cracker Jack,PLUMB
Cracker Jack CJ-3,PLUMB
Cresco,PACIFIC AEROSPACE
Cresco,NEW ZEALAND
CRG,WACO
CRJ-1000 CL-600 Regional Jet,BOMBARDIER
Crusader,CORVUS
CSH-2 Rooivalk,DENEL
CSH-2 Rooivalk,ATLAS
CSO,WACO
CT,FLIGHT DESIGN
CT-155  Hawk,BAE SYSTEMS
CTO,WACO
Cubmajor,FALCONAR
CUC,WACO
Culex,FISHER AERO
CV-240 Convairliner,CONVAIR
CV-340 Convairliner,CONVAIR
CV-440 Metropolitan,CONVAIR
CV-580,CANADAIR
CV-580,CONVAIR
CV-600,CONVAIR
CV-640,CONVAIR
CV-5800,KELOWNA
Cygnet,HAWKER
Cygnet Replica,HAWKER
D,KELLY
D,FIKE
D,WACO
D-16 Twin Navion,TEMCO
D-158 Nipper,COBELAVIA
D-500 Egrett 2,GROB
Dagger,IAI
Dahu,PENA
Dakota Hawk,FISHER
Dart,PARRISH
Dart G,CULVER
Dart GK,CULVER
Dart GW,CULVER
Dauntless,DOUGLAS
Dauntless A-24,DOUGLAS
Dauntless SBD,DOUGLAS
Defiant,RUTAN
Defiant 40,RUTAN
Delfin,LYAVIN
Delfino,GENERAL AVIA
Delfino F-15,GENERAL AVIA
Delta,VERHEES
Der Kricket,FLSZ
Der Kricket DK-1,FLSZ
Desert Eagle 2,OLYMPIC ULTRALIGHTS
Devon,DE HAVILLAND
DH-98 Mosquito,DE HAVILLAND
DH-100 Vampire,DE HAVILLAND
DH-104 Dove,HAWKER SIDDELEY
DH-104 Dove,DE HAVILLAND
DH-112 Venom,DE HAVILLAND
DH-114 Heron,HAWKER SIDDELEY
DH-114 Heron,DE HAVILLAND
DH-115 Vampire,DE HAVILLAND
Dhruv,HINDUSTAN
Dhruv ALH,HINDUSTAN
Dimona,HOFFMANN
Dimona H-36,HOFFMANN
Dingo,AERORIC
Dinó,GANZAVIA
Dinó GAK-22,GANZAVIA
Dipper,COLLINS
DJ-1 D-Jet,DIAMOND
DJC,WACO
D-Jet,DIAMOND
Djinn,SUD
Djinn SO-1221,SUD
DK-1 Der Kricket,FLSZ
Don,UNIKOMTRANSO
Dormoy Bathtub,KIMBREL
Do-S S-Ray,DORNIER
Double Eagle,AMAX
Dove,HAWKER SIDDELEY
Dove,DE HAVILLAND
Dove 400,RILEY
Dove DH-104,DE HAVILLAND
Dove DH-104,HAWKER SIDDELEY
DQC,WACO
DR-107 One Design,AIRCRAFT SPRUCE
DR-107 One Design,RIHN
Dragon,DF HELICOPTERS
Dragon Fly,DRAGON FLY
Dragon Fly,CRAE
Dragonfly,SLIPSTREAM
Dreamlifter,BOEING
Dreamlifter 747-400LCF,BOEING
Drifter,AUSTFLIGHT
DSK-1 Hawk,KILLINGSWORTH
DSK-2 Golden Hawk,KILLINGSWORTH
DSO,WACO
Duce,BAKENG
E,FIKE
E (ARE/HRE/SRE) Aristocrat,WACO
E (GXE),WACO
EA-1 Kingfisher,ANDERSON
EA-7 Optica,EDGLEY
EA-100,EAGLE AVIATION
Eagle,AVIAT
Eagle,CHRISTEN
Eagle,WINDECKER
Eagle 100,EAGLE AIRCRAFT
Eagle 150,EAGLE AIRCRAFT
Eagle 150,CTRM
Eagle 300,CELAIR
Eagle X-TS,EAGLE AIRCRAFT
Eaglet,TECNAM
Easy Eagle,GROSSO
EAV-8 Matador,CASA
EAV-8 Matador,MCDONNELL DOUGLAS
EC-121 Constellation,LOCKHEED
EC-665 Tiger,EUROCOPTER
EC-665 Tiger,AUSTRALIAN AEROSPACE
EC-665 Tigre,EUROCOPTER
ECH-02 Namcu,ENAER
ECH-51 Pillán,ENAER
Echo,TECNAM
Echo P-92,TECNAM
Eco Dimona,DIAMOND
Eco Dimona HK-36,DIAMOND
Edge 540,ZIVKO
"Edge 540 T, ZIVKO EDGT LEdge 540A",ZIVKO
EGC,WACO
E-Genius,IFB
Egrett 2,GROB
Egrett 2 D-500,GROB
EH1-01 Rotormouse,HILLBERG
EL-1 Gavilan 358,GAVILAN
El Tomcat,CONTINENTAL COPTERS
Elf,PARNALL
Elitar,ELITAR
Elitar IE-101,ELITAR
Elster,PUTZER
EMB-200 Ipanema,EMBRAER
EMB-201 Ipanema,EMBRAER
EMB-201 Ipanema,NEIVA
EMB-202 Ipanema,EMBRAER
EMB-202 Ipanema,NEIVA
EMB-312 Tucano,EMBRAER
EMB-312 Tucano,AOI
EMB-312F Tucano,EMBRAER
ENF,WACO
Enforcer,MCDONNELL DOUGLAS
Enforcer MH-90,MCDONNELL DOUGLAS
Epic Dynasty,AIR
Epic Elite,AIR
Epic Escape,AIR
Epic LT,AIR
Epic Victory,AIR
EQC,WACO
E-Racer,DICKEY
Ercoupe,ERCO
Ercoupe 415,ERCO
Escapade,JUST
Escapade,REALITY
Esqualo,MOURA
ET-29,CONVAIR
Etendard 4,DASSAULT
Eurofighter 2000,EUROFIGHTER
Eurofighter 2000,BAE SYSTEMS
Eurofighter 2000,DASA
Eurofighter 2000,ALENIA
Eurofighter 2000,BRITISH AEROSPACE
Eurofighter 2000,CASA
Eurofox,AEROPRO
Europa,EUROPA
Eurotrainer 2000,FFT
Evangel,EVANGEL
Evangel 4500,EVANGEL
Evolution,LANCAIR
Excalibur,EUROSPACE
Excalibur F-15,EUROSPACE
Excel,INPAER
Exec,HUZHOU TAIXIANG
Exec,ROTORWAY
Executive 400,RILEY
Explorer,INPAER
Explorer,BOEING
Explorer,MERLIN
Explorer,MCDONNELL DOUGLAS
Explorer,MD HELICOPTERS
Explorer MD-900,MCDONNELL DOUGLAS
Explorer MD-902,MD HELICOPTERS
Explorer MD-902,MCDONNELL DOUGLAS
Explorer MD-902,BOEING
Express,EXPRESS
Express,WHEELER
Express 2000,EXPRESS
Express 2000RG,EXPRESS
E-Z Flyer,AEROCOMP
E-Z Flyer,BLUE YONDER
E-Z Flyer,MERLIN
E-Z Harvard,BLUE YONDER
E-Z King Cobra,BLUE YONDER
Ezhik,ISTRA
F,WACO
F-1 Aircoupe,AIR PRODUCTS
F-1 Aircoupe,FORNEY
F-1 Aircoupe,FORNAIRE
F-1 Kestrel,FARNBOROUGH
F-2B Fighter,BRISTOL
F-2B Fighter Replica,BRISTOL
F-4 Rondone,AMBROSINI
F-4 Rondone,LOMBARDI
F4F Wildcat,GRUMMAN
F4U Corsair,CHANCE VOUGHT
F6F Hellcat,GRUMMAN
F-7 Rondone 2,PASOTTI
F7F Tigercat,GRUMMAN
F8F Bearcat,GRUMMAN
F-14 Nibbio,AVIAMILANO
F-15 Delfino,GENERAL AVIA
F-15 Excalibur,EUROSPACE
F-15 Picchio,GENERAL AVIA
F-15 Picchio,PROCAER
F-20 Pegaso,GENERAL AVIA
F-20TP Condor,GENERAL AVIA
F-22 Pinguino,GENERAL AVIA
F-22 Pinguino Sprint,GENERAL AVIA
F-100 Super Sabre,NORTH AMERICAN
F-103 Mirage 3,DASSAULT
F-220 Airone,GENERAL AVIA
F-1300 Jet Squalus,GENERAL AVIA
F-1300 Jet Squalus,PROMAVIA
"FA152 Aerobat, REIMS C152 LFA-200 Aero Subaru",FUJI
Faeta,ATEC
Falcon,AFIC
Falcon Major,MILES
Falcon Major M-3,MILES
Falcon XP,AMERICAN AIRCRAFT
Falcon RSA-200,AFIC
Fanliner,RHEIN
Fanliner FL-1,RHEIN
Fantrainer,RTAF
Fantrainer,RHEIN
FB-27 Vimy Replica,VICKERS
F-CK-1 Ching-Kuo,AIDC
FG Corsair,GOODYEAR
Fighter,BRISTOL
Fighter Replica,BRISTOL
Fighter Replica F-2B,BRISTOL
Fighter F-2B,BRISTOL
Finch,FLEET
Finch 16,FLEET
Firebolt Convertible,STARFIRE
Firefly,KARI
Firefly,FAIREY
Firefly,STATLER
FL-1 Fanliner,RHEIN
Flamant,DASSAULT
Flamant MD-311,DASSAULT
Flamant MD-312,DASSAULT
Flitzer,FLITZER
Flitzer Z-1,FLITZER
Flitzer Z-21,FLITZER
Floatmaster,GAF
Floatmaster N-22,GAF
Flyer,AIRDALE
Flyer SS,KOLB
FM-2 Air Shark,FREEDOM MASTER
FM Wildcat,GENERAL MOTORS
Fo-144 Gnat,FOLLAND
Focke-Wulf 190,WAR
Focke-Wulf Fw-190,THUNDER WINGS
"Formula GT, MIDWEST AEROSPORT FGT LFort",FLEET
Fort 60,FLEET
Foxtrot-4,TEAM TANGO
Fpl61,SCOTTISH AVIATION
Free Spirit,CABRINHA
Free Spirit,FREE SPIRIT
Free Spirit,CEI
Free Spirit RC-412,CEI
Free Spirit RC-412,CABRINHA
Free Spirit RC-412,FREE SPIRIT
Freebird Mk5,FREEWING
Freedom,COLYAER
Frontier,SKY RAIDER
Frontier MD-2,FRONTIER
Funk B,AKRON
Fury,HAWKER
Fury,ISAACS
G,DART
G,WACO
G-36 Wildcat,GRUMMAN
"G-39 Goose, GRUMMAN G21 LG-40 Avenger",GRUMMAN
G-50 Hellcat,GRUMMAN
G-51 Tigercat,GRUMMAN
G-58 Bearcat,GRUMMAN
G-180 SPn Utility Jet,GROB
G-520 Strato 1,GROB
GA-912 Australian LightWing,HOWARD HUGHES
Gabier,SOCATA
Gaillard,SOCATA
Gaillard MS-893,SOCATA
GAK-22 Dinó,GANZAVIA
Galaxy,IAI
Galaxy 1126,IAI
"Galérien, SOCATA RALL LGalopin",SOCATA
Gannet,COLYAER
Gannet,FAIREY
Garnement,SOCATA
Gaucho,SOCATA
Gauntlet,GLOSTER
Gaviao,HELIBRAS
Gaviao HB-315,HELIBRAS
Gavilan,AERO MERCANTIL
Gavilan 358,GAVILAN
Gavilan 358 EL-1,GAVILAN
Gavilan 358,AERO MERCANTIL
Gazelle,ABHCO
Gazelle,AEROSPATIALE
Gazelle,EUROCOPTER
Gazelle,WESTLAND
Gazelle,SKYFOX
Gazelle,SUD
Gazelle CA-25,SKYFOX
Gazelle SA-341,SUD
Gazelle SA-341,AEROSPATIALE
Gazelle SA-342,SUD
Gazelle SA-342,EUROCOPTER
Gazelle SA-342,AEROSPATIALE
Gazelle SA-342,ABHCO
GB Special,BEETS
Gemini,MILES
Gemini M-65,MILES
Genesis,INNOVATION
Genesis,SLIPSTREAM
Genesis Revelation,INNOVATION
Ghibli,AERITALIA
Ghibli,AMX
Ghibli,AERMACCHI
Ghibli,ALENIA
Ghibli AMX,ALENIA
Ghibli AMX,AMX
Ghibli AMX,AERITALIA
Ghibli AMX,AERMACCHI
GK,DART
Gladiator,GLOSTER
Glasair,GLASAIR
Glasair,NEW GLASAIR
Glass Goose,QUIKKIT
GlaStar,GLASAIR
GlaStar,NEW GLASTAR
Global Express,BOMBARDIER
Global Express BD-700,BOMBARDIER
Global Flyer,SCALED
Global Flyer 311,SCALED
GN-1 Aircamper,GREGA
Gnat,FOLLAND
Gnat,HAWKER SIDDELEY
Gnat Fo-144,FOLLAND
Golden Butterfly,BUTTERFLY
Golden Hawk,KILLINGSWORTH
Golden Hawk DSK-2,KILLINGSWORTH
Golf,TECNAM
Golf P-96,TECNAM
Goshawk,BOEING
Goshawk,BAE SYSTEMS
Goshawk,BRITISH AEROSPACE
Goshawk,MCDONNELL DOUGLAS
Goshawk T-45,MCDONNELL DOUGLAS
Goshawk T-45,BRITISH AEROSPACE
Goshawk T-45,BOEING
Goshawk T-45,BAE SYSTEMS
GR-2 Whisper,GROVE
GR-582 Australian LightWing,HOWARD HUGHES
GR-912 Australian LightWing,HOWARD HUGHES
Graflite,LUNDY
Griffin,CANADA AIR RV
Griffon,GRIFFON AERO
GT-1 Trainer,GOAIR
Guepard,AERO SERVICES
Guêpe,AERO SERVICES
Guepy,AERO SERVICES
Guerrier,SOCATA
Gulfstream G100,IAI
Gulfstream G100,GULFSTREAM AEROSPACE
Gulfstream G200,IAI
Gulfstream G200,GULFSTREAM AEROSPACE
Gulfstream G100 1125,IAI
Gulfstream G200 1126,IAI
Guri,AEROMOT
Guri AMT-600,AEROMOT
GW,DART
GW-1 Windwagon,WATSON
GX,REMOS
GXE,WACO
H-1 Commuter,INTERNATIONAL HELICOPTERS
H-1 Commuter,HELICOM
H-1 Commuter,TAMARIND
H-36 Dimona,HOFFMANN
H-45 Partizan,SOKO
H-250 Courier 2,HELIO
H-295 Super Courier,HELIO
H-391 Courier,HELIO
H-392 Strato-Courier,HELIO
H-395 Courier,HELIO
H-395 Super Courier,HELIO
H-500 Twin Courier,HELIO
H-700 Courier,HELIO
H-800 Courier,HELIO
HA-200 Saeta,HISPANO
HA-220 Super Saeta,CASA
HA-220 Super Saeta,HISPANO
HA-420 HondaJet,HONDA
Harrier,ALENIA
Harrier,BOEING
Harrier,HAWKER SIDDELEY
Harrier,BRITISH AEROSPACE
Harrier,MCDONNELL DOUGLAS
Harrier AV-8,MCDONNELL DOUGLAS
Harrier AV-8,BOEING
Harrier AV-8,HAWKER SIDDELEY
Harrier AV-8,ALENIA
Harrier TAV-8,MCDONNELL DOUGLAS
Harrier TAV-8,HAWKER SIDDELEY
Hawk,HAWKER SIDDELEY
Hawk,BAE SYSTEMS
Hawk,KILLINGSWORTH
Hawk,BAE SYSTEMS AUSTRALIA
Hawk,HINDUSTAN
Hawk,BRITISH AEROSPACE
Hawk,DENEL
Hawk,VALMET
Hawk CT-155,BAE SYSTEMS
Hawk DSK-1,KILLINGSWORTH
Hawker Hurricane,SINDLINGER
Hawker Hurricane HH-1,SINDLINGER
Hawker Sea Fury,WAR
HB-315 Gaviao,HELIBRAS
HC-131,CONVAIR
HeliThruster,UFO
Hellcat,GRUMMAN
Hellcat F6F,GRUMMAN
Hellcat G-50,GRUMMAN
Heron,DE HAVILLAND
Heron,HAWKER SIDDELEY
Heron,RILEY
Heron DH-114,DE HAVILLAND
Heron DH-114,HAWKER SIDDELEY
HH-1 Hawker Hurricane,SINDLINGER
Highlander,JUST
Hind,HAWKER
HK-36 Eco Dimona,DIAMOND
HK-36 Katana Xtreme,DIAMOND
HK-36 MPX,DIAMOND
HK-36 Super Dimona,HOAC
HK-36 Super Dimona,DIAMOND
HK-36 Turbo Xtreme,DIAMOND
HK-36 Xtreme,DIAMOND
HN-42 Partizan,SOKO
HN-45 Partizan,SOKO
HO-42 Partizan,SOKO
HondaJet,HONDA
HondaJet HA-420,HONDA
Horizon,FISHER
Horizon,FISHER AERO
Hornet,AAK
Hornisse,WALLERKOWSKI
HRE Aristocrat,WACO
HST-550 Stallion,HELIO
HT-295 Super Courier,HELIO
HueyCobra,FUJI
HueyCobra,BELL
HueyCobra 209,BELL
HueyCobra AH-1,FUJI
HueyCobra AH-1E,BELL
HueyCobra AH-1F,BELL
HueyCobra AH-1P,BELL
"HueyCobra AH-1S, BELL HUCO LHueyCobra TAH-1",BELL
HueyCobra TH-1S,BELL
Hummel Bird,HUMMEL
Hunter,HAWKER
Hurricane,HAWKER
Husky,CHRISTEN
Husky,AVIAT
Husky Pup,AVIAT
Husky Pup A-1,AVIAT
Husky A-1,CHRISTEN
Husky A-1,AVIAT
Hydropteron,IDEA
IAP-001 Chuspi,INDAER PERU
IAP-002 Ag-Chuspi,INDAER PERU
IAR-330 Puma,IAR
IAR-330 Puma,ICA
IBA,WACO
IE-101 Elitar,ELITAR
IJ-21 Jastreb,SOKO
Impala,SKYFOX
Impala CA-25,SKYFOX
Impulse 100,IMPULSE
Impulse 130,IMPULSE
Impulse 320,IMPULSE
Impulse Xtreme 3000,IMPULSE
INF,WACO
Ion,ION
Ipanema,EMBRAER
Ipanema,NEIVA
Ipanema EMB-200,EMBRAER
Ipanema EMB-201,NEIVA
Ipanema EMB-201,EMBRAER
Ipanema EMB-202,NEIVA
Ipanema EMB-202,EMBRAER
Ipanema U-19,EMBRAER
IPT-16 Surubim,IPT
Isatis,AEROJAMES
J-1 Jastreb,SOKO
J-5 Adventurer,AUSTER
J-5B Autocar,AUSTER
J-5E Autocar,AUSTER
J-5F Aiglet Trainer,AUSTER
J-5G Autocar,AUSTER
J-5H Autocar,AUSTER
J-5K Aiglet Trainer,AUSTER
J-5L Aiglet Trainer,AUSTER
J-5P Autocar,AUSTER
J-5Q Alpine,AUSTER
J-5R Alpine,AUSTER
J-5T Autocar,AUSTER
J-5V Autocar,AUSTER
J-6 Karatoo,GROVER
J-6 Karatoo,COUNTRY AIR
J-6 Karatoo,ANGLIN
J-6 Karatoo,AMAX
J-6 Karatoo,NORMAN
J-20 Kraguj,SOKO
J-21 Jastreb,SOKO
JA Norseman,NOORDUYN
Jabiru LSA,JABIRU
Jabiru SK,JABIRU
Jabiru SP,JABIRU
Jabiru SP-4,JABIRU
Jabiru SP-6,JABIRU
Jabiru SP-T,JABIRU
Jabiru ST,JABIRU
Jabiru ST-3,JABIRU
Jaguar,HINDUSTAN
Jaguar,SEPECAT
Jaguar,PROWLER
Jastreb,SOKO
Jastreb IJ-21,SOKO
Jastreb J-1,SOKO
Jastreb J-21,SOKO
Jastreb NJ-21,SOKO
Jastreb RJ-1,SOKO
Jastreb TJ-1,SOKO
Jastreb TJ-21,SOKO
Jet Commander,AERO COMMANDER
Jet Commander 1121,AERO COMMANDER
Jet Fox,EUROALA
Jet Provost,BAC
Jet Provost,HUNTING PERCIVAL
Jet Provost,HUNTING
Jet Provost 145,BAC
Jet Provost P-84,HUNTING
Jet Provost P-84,HUNTING PERCIVAL
Jet Squalus,GENERAL AVIA
Jet Squalus,PROMAVIA
Jet Squalus F-1300,PROMAVIA
Jet Squalus F-1300,GENERAL AVIA
Jetcruzer,AASI
JetExec,ROTORWAY
John Doe,AMERICAN HOMEBUILTS
JRM Mars,MARTIN
JT-2-2 Tazarve,IRIAF
Junior,BOLKOW
Junior,MALMO
Junior,TIPSY
Junior Ace,ACE
Junior Ace,ACRO SPORT
Junior Ace,CORBEN
Junior Ace,POBER
Junior BO-208,BOLKOW
Junior MFI-9,MALMO
Jupiter,LAMMER GEYER
JWM,WACO
JYM,WACO
K-1 Vega Gull,PERCIVAL
K-1200 K-Max,KAMAN
Karatoo,ANGLIN
Karatoo,COUNTRY AIR
Karatoo,GROVER
"Karatoo, AMAX KTOO LKaratoo",NORMAN
Karatoo J-6,NORMAN
Karatoo J-6,GROVER
Karatoo J-6,COUNTRY AIR
Karatoo J-6,AMAX
Karatoo J-6,ANGLIN
Katana Xtreme,DIAMOND
Katana Xtreme HK-36,DIAMOND
Katran,AEROSAMARA
Kestrel,FARNBOROUGH
Kfir,IAI
King Colbra,KOLB
Kingfisher,ANDERSON
Kingfisher EA-1,ANDERSON
Kitfox,KITFOX
Kitfox,DENNEY
Kitfox,SKYSTAR
Kitfox Vixen,SKYSTAR
Kitfox Voyager,SKYSTAR
Kiwi,VALENTIN
Kiwi,TWI
K-Max,KAMAN
K-Max K-1200,KAMAN
KNF,WACO
Knight Twister,PAYNE
Kodiak,QUEST
Kraguj,SOKO
Kraguj J-20,SOKO
Kraguj P-2,SOKO
Krähe,ROCK
L-1 Malamut,MARA WING
L-6 Paulistinha,NEIVA
L-17 Navion,RYAN
L-17 Navion,NORTH AMERICAN
L-42 Regente,NEIVA
L-049 Constellation,LOCKHEED
L-749 Constellation,LOCKHEED
L-1049 Super Constellation,LOCKHEED
LA-5 Major,LUTON
LACO-125,LAVEN
LACO-145,LAVEN
LAK-X,AEROPLASTIKA
LAK-X,AVIA BALTIKA
Lama,EUROCOPTER
Lama,AEROSPATIALE
Lama,SUD
Lama SA-315,SUD
Lama SA-315,AEROSPATIALE
Lama SA-315,EUROCOPTER
Lancair ES,LANCAIR
Lancair ES,PADC
Lancair ES,PAI
Lancair Super ES,LANCAIR
Lancaster,AVRO
Lancaster 683,AVRO
Lancer,HINDUSTAN
Lancer SA-315,HINDUSTAN
LAR Cadet,CULVER
Lark,KELEHER
Lark Commander,NORTH AMERICAN ROCKWELL
Lark Commander 100,NORTH AMERICAN ROCKWELL
Laser,KOLB
Laser 300,OMAC
Lasta,UTVA
LCA Cadet,CULVER
LCA Tejas,ADA
LC-B200 Commercial,LAIRD
LE-500 Little Eagle,SHIJIAZHUANG
LE-500 Xiaoying,SHIJIAZHUANG
Leader,MAVERICK
Leader TJ-1500,MAVERICK
Legend,PERFORMANCE
Levitation 4,TAPANEE
LFA Cadet,CULVER
Lightning,ARION
Lightning,ENGLISH ELECTRIC
Lightning,BAC
Lightning Bug,LIGHTNING BUG
Lightning Bug,REFLEX
Lionheart,GRIFFON
Lite Star,CUSTOM FLIGHT
Little Eagle,SHIJIAZHUANG
Little Toot,MEYER
Loadmaster,EXPRESS
LoCamp,AEROLAB
Lone Ranger,STRIPLIN
Long-EZ,RUTAN
Long-EZ 61,RUTAN
LT-1 Swati,BHARAT
LT-2 Swati,BHARAT
LW-4 Roto-Pup,LITTLE WING
LW-5 Roto-Pup,LITTLE WING
Lynx,WESTLAND
Lynx Wildcat,WESTLAND
Lynx SH-14,WESTLAND
Lysander,NATIONAL STEEL
Lysander,WESTLAND
M-1 Sokol,MRAZ
M-3 Falcon Major,MILES
M-6,WET AERO
M-10 AirTourer,MILLICER
M-11 Whitney Straight,MILES
M-14 Magister,MILES
M-17 Monarch,MILES
M-18 Mite,MOONEY
M-18 Wee Scotsman,MOONEY
M-20 Venture,QUESTAIR
M-22 SeaMax,AIRMAX
M-38 Messenger,MILES
M-65 Gemini,MILES
MA-2 Mamba,MELBOURNE
"Macho Stinker, KIMBALL PTMS LMacho Stinker",PITTS
Macho Stinker S-12,KIMBALL
Macho Stinker S-12,PITTS
Mad Max,MAD MAX AERO
Magic,KAISER
Magister,IAI
Magister,FOUGA
Magister,AEROSPATIALE
Magister,MILES
Magister,POTEZ
Magister,SUDFLUG
Magister,SUD
Magister,VALMET
Magister CM-170R,IAI
Magister CM-170R,VALMET
Magister CM-170R,POTEZ
Magister CM-170R,SUD
Magister CM-170R,SUDFLUG
Magister CM-170R,AEROSPATIALE
Magister CM-170R,FOUGA
Magister M-14,MILES
Magnum,AIRDALE
Magnum,AVIATION ENTERPRISES
Magnum,AVID
Major,LUTON
Major LA-5,LUTON
Malamut,MARA WING
Mallard,ADVANCED AEROMARINE
Mamba,MELBOURNE
Mamba MA-2,MELBOURNE
Marathon,MIRAGE
Marlin,VULCANAIR
Mars,MARTIN
"Mars 170, MARTIN MARS MMars JRM",MARTIN
Mascato,COLYAER
Matador,CASA
Matador,MCDONNELL DOUGLAS
Matador EAV-8,MCDONNELL DOUGLAS
Matador EAV-8,CASA
Matador TAV-8,MCDONNELL DOUGLAS
Maverick,AEA
MC,FLIGHT DESIGN
McCullocoupe,KIMBALL
MD-311 Flamant,DASSAULT
MD-312 Flamant,DASSAULT
MD-900 Combat Explorer,MCDONNELL DOUGLAS
MD-900 Explorer,MCDONNELL DOUGLAS
MD-902 Explorer,BOEING
MD-902 Explorer,MCDONNELL DOUGLAS
MD-902 Explorer,MD HELICOPTERS
Merkury,AVIATON
Merlin,BLUE YONDER
Merlin,AEROCOMP
Merlin,MACAIR
Merlin,MERLIN
Mermaid,CZAW
Mermaid,CSA
Messenger,MILES
Messenger M-38,MILES
Meteor,ARMSTRONG WHITWORTH
Meteor,GLOSTER
Metropolitan,CONVAIR
Metropolitan CV-440,CONVAIR
MFI-9,ANDREASSON
MFI-9 Junior,MALMO
MH-90 Enforcer,MCDONNELL DOUGLAS
MH-1521 Broussard,MAX HOLSTE
Microjet 200,MICROJET
Microjet 200,MICROTURBO
Microjet 200,MARMANDE
Midget Mustang,BUSHBY
Midget Mustang,LONG
Midget Mustang,MUSTANG
Midget Mustang MM-1,LONG
Midget Mustang MM-1,MUSTANG
Midget Mustang MM-1,BUSHBY
Midour 2,ACBA
Midour 2 ACBA-8,ACBA
MiG-AT,MIKOYAN
MiG-AT,MAPO
Minerva MS-894,SOCATA
Mini Coupe,CHRIS TENA
Mini-Imp,AEROCAR
Mini-Mac,MCCARLEY
Mirage 3,DASSAULT
Mirage 5,DASSAULT
Mirage 50,DASSAULT
Missionmaster,GAF
Missionmaster N-22,GAF
Mite,MOONEY
Mite M-18,MOONEY
Mitsubishi Zero,WAR
ML-250 Rubis,SCINTEX
MM-1 Midget Mustang,BUSHBY
MM-1 Midget Mustang,LONG
MM-1 Midget Mustang,MUSTANG
Monarch,MILES
Monarch M-17,MILES
Monerai P,MONNETT
Moni,MONNETT
MonoCulp,CULP
Moottori-Lerche,ALANNE
Mosquito,DE HAVILLAND
Mosquito DH-98,DE HAVILLAND
Moto Du Ciel,HUMBERT
Mountain Goat,KINETIC
Mountain Goat,MONTAGNE
MPX,DIAMOND
MS-880 Rallye 100,SOCATA
MS-880 Rallye Club,SOCATA
MS-883 Rallye 115,SOCATA
MS-884 Rallye Minerva,SOCATA
MS-887 Rallye 125,SOCATA
MS-892 Rallye 150,SOCATA
MS-892 Rallye Commodore,SOCATA
MS-893 Gaillard,SOCATA
MS-893 Rallye Commodore,SOCATA
MS-894 Minerva,SOCATA
MT-03,AUTOGYRO
MT-03,ROTORSPORT
MTOSport,AUTOGYRO
MTOSport,ROTORSPORT
Mü-30 Schlacro,AKAFLIEG MUNCHEN
MXP-740 Savannah,ICP
MXS,MXR
N-2 Nomad,GAF
N-22 Floatmaster,GAF
N-22 Missionmaster,GAF
N-22 Nomad,GAF
N-22 Searchmaster,GAF
N-24 Nomad,GAF
N-63 Lasta,UTVA
N-591 Regente,NEIVA
N-592 Regente,NEIVA
N-621 Universal,NEIVA
N-622 Universal,NEIVA
NA-145 Navion,NORTH AMERICAN
NA-154 Navion,NORTH AMERICAN
Namcu,ENAER
Namcu ECH-02,ENAER
Navion,RYAN
Navion,TUSCO
Navion,NORTH AMERICAN
Navion L-17,NORTH AMERICAN
Navion L-17,RYAN
Navion NA-145,NORTH AMERICAN
Navion NA-154,NORTH AMERICAN
Navion U-18,NORTH AMERICAN
Navion U-18,RYAN
NGP,CESSNA
Nibbio,AVIAMILANO
Nibbio F-14,AVIAMILANO
Nieuport 17,REDFERN
Nieuport 24,REDFERN
Nimrod,HAWKER SIDDELEY
Nimrod,BRITISH AEROSPACE
Nimrod,BAE SYSTEMS
Nipper,COBELAVIA
Nipper,AVIONS FAIREY
Nipper,SLINGSBY
Nipper,TIPSY
Nipper,NIPPER
Nipper D-158,COBELAVIA
Nipper T-66,SLINGSBY
Nipper T-66,NIPPER
Nipper T-66,TIPSY
Nipper T-66,AVIONS FAIREY
NJ-21 Jastreb,SOKO
NJ Yale,NORTH AMERICAN
Nomad,GAF
Nomad N-2,GAF
Nomad N-22,GAF
Nomad N-24,GAF
Noratlas,NORDFLUG
Noratlas,NORD
Noratlas 2501,NORD
Noratlas 2501,NORDFLUG
Nordic 2,NORMAN
Nordic 5,NORMAN
Nordic 6,NORMAN
Nordic 7,NORMAN
Nordic 8 Mini Explorer,NORMAN
Norseman,CCF
Norseman,NOORDUYN
Norseman C-64,NOORDUYN
Norseman JA,NOORDUYN
Norseman UC-64,NOORDUYN
North Star,CUSTOM FLIGHT
NSA-330 Puma,NURTANIO
NXT,NEMESIS
Nynja,BEST OFF
OA-7 Optica,FLS
OA-7 Optica,OPTICA
OA-7 Optica Scout,BROOKLANDS
OA-10 Catalina,CONSOLIDATED
OA-10 Catalina,CONVAIR
OA-10 Catalina,CANADIAN VICKERS
OA-10 Catalina,CANADAIR
Omega 2,ISAE
OMF-100 Symphony,OMF
One Design,AIRCRAFT SPRUCE
One Design,RIHN
One Design DR-107,RIHN
One Design DR-107,AIRCRAFT SPRUCE
Onex,SONEX
Optica,FLS
Optica,EDGLEY
Optica,OPTICA
Optica Scout,BROOKLANDS
Optica Scout OA-7,BROOKLANDS
Optica EA-7,EDGLEY
Optica OA-7,OPTICA
Optica OA-7,FLS
Oscar,PARTENAVIA
Oscar P-64,PARTENAVIA
Oscar P-66,PARTENAVIA
Ovod,VITEK
Ozzie Mozzie,BUCHANAN
Ozzie Mozzie BAC-204,BUCHANAN
P-2 Kraguj,SOKO
P-10 Vega Gull,PERCIVAL
P-28 Proctor,PERCIVAL
P-30 Proctor,PERCIVAL
P-31 Proctor,PERCIVAL
P-34 Proctor,PERCIVAL
P-40 Prentice,PERCIVAL
P-44 Proctor,PERCIVAL
P-56 Provost,HUNTING PERCIVAL
P-56 Provost,HUNTING
P-56 Provost,PERCIVAL
P-57 Sea Prince,PERCIVAL
P-64 Oscar,PARTENAVIA
P-66 Charlie,PARTENAVIA
P-66 Oscar,PARTENAVIA
P-66 Pembroke,HUNTING PERCIVAL
P-66 Pembroke,HUNTING
P-66 Pembroke,PERCIVAL
P-70 Acey Deucy,POWELL
P-84 Jet Provost,HUNTING PERCIVAL
P-84 Jet Provost,HUNTING
P-92 Eaglet,TECNAM
P-92 Echo,TECNAM
P-92 SeaSky,TECNAM
P-96 Golf,TECNAM
P-2002,TECNAM
P-2002 Sierra,TECNAM
P-2004 Bravo,TECNAM
PA-28R-300 Pillán,PIPER
PA-60 Aerostar,PIPER
Pairadigm,VSTOL
Pairadigm SST-2000,VSTOL
Pantera,ENAER
Pantera 50,ENAER
Panther,ULLMANN
Panther 2,ROTEC
Panther Plus,ROTEC
Papango,ALMS
Papango,SAUPER
Papango ADV-01,SAUPER
Parrot,CZAW
Parrot,CSA
Partizan,SOKO
Partizan H-45,SOKO
Partizan HN-42,SOKO
Partizan HN-45,SOKO
Partizan HO-42,SOKO
Partizan SA-341,SOKO
Partizan SA-342,SOKO
Pashosh,SOCATA
Pashosh TB-20,SOCATA
Paturi,EDRA
Paulistinha,PAULISTA
Paulistinha,NEIVA
Paulistinha 56,NEIVA
Paulistinha CAP-4,PAULISTA
Paulistinha L-6,NEIVA
PBA,WACO
PBF,WACO
PBV Catalina,CANADIAN VICKERS
PBY Catalina,CONSOLIDATED
PBY Catalina,CANADIAN VICKERS
PBY Catalina,CONVAIR
PBY Catalina,BOEING CANADA
PCF,WACO
Pegaso,GENERAL AVIA
Pegaso F-20,GENERAL AVIA
"Pegasus RH-1100, ROGERSON HILLER FH11 LPegazair",PEGASE AERO
Pegazair,TAPANEE
Pelican,FLYER
Pelican,KOLB
Pelican,ULTRAVIA
Pelikan,UETZ
Pelikan U-3M,UETZ
Pelikan U-4M,UETZ
Pembroke,HUNTING PERCIVAL
Pembroke,HUNTING
Pembroke,PERCIVAL
Pembroke P-66,HUNTING
Pembroke P-66,PERCIVAL
Pembroke P-66,HUNTING PERCIVAL
Perigee,HOLCOMB
Petrel,AERO ITBA
Petrel,NASH
Pétrel,BILLIE
Pétrel,SMAN
Phantom,CORVUS
Phenix,PHENIX
Phillicopter,VTOL AIRCRAFT
Phoenix,FREEDOM
Picchio,GENERAL AVIA
Picchio,PROCAER
Picchio F-15,PROCAER
Picchio F-15,GENERAL AVIA
Pillán,ENAER
Pillán,CASA
Pillán,INDAER CHILE
Pillán,PIPER
Pillán ECH-51,ENAER
Pillán PA-28R-300,PIPER
Pillán T-35,INDAER CHILE
Pillán T-35,CASA
Pillán T-35A,ENAER
Pillán T-35B,ENAER
Pillán T-35C,ENAER
Pillán T-35D,ENAER
Pillán T-35S,ENAER
"Pinguino, GENERAL AVIA PINO LPinguino Sprint",GENERAL AVIA
Pinguino Sprint F-22,GENERAL AVIA
Pinguino F-22,GENERAL AVIA
PiperSport,CSA
PiperSport,PIPER
PLA,WACO
Pocket Rocket PR-582,HOWARD HUGHES
Pocket Rocket PR-Bipe,HOWARD HUGHES
Pocket Rocket PR-Breeze,HOWARD HUGHES
Pocket Rocket PR-XP,HOWARD HUGHES
Polliwagen,ALVAREZ
Pony,REDA
PQ-8 Cadet,CULVER
PQ-14 Cadet,CULVER
Prentice,PERCIVAL
Prentice P-40,PERCIVAL
Private Explorer,PRIVATE EXPLORER
"Proctor, PERCIVAL PROC LProctor P-28",PERCIVAL
Proctor P-30,PERCIVAL
Proctor P-31,PERCIVAL
Proctor P-34,PERCIVAL
Proctor P-44,PERCIVAL
ProStar,PROTECH
ProStar PT-2,PROTECH
Proteus,SCALED
Proteus,RUTAN
Proteus 281,SCALED
Proteus 281,RUTAN
Provost,HUNTING PERCIVAL
Provost,HUNTING
Provost,PERCIVAL
Provost P-56,HUNTING
Provost P-56,HUNTING PERCIVAL
Provost P-56,PERCIVAL
Prowler,MORSE
Prowler,PROWLER
Prowler 364,MORSE
PSO,WACO
PT-2 ProStar,PROTECH
PT-2 Sassy,PROTECH
PT-20,RYAN
Pulsar,AERO DESIGNS
Pulsar,PULSAR
Pulsar,SKYSTAR
Puma,ICA
Puma,AEROSPATIALE
Puma,IAR
Puma,SUD
Puma,WESTLAND
Puma,NURTANIO
Puma CH-33,AEROSPATIALE
Puma IAR-330,ICA
Puma IAR-330,IAR
Puma NSA-330,NURTANIO
Puma SA-330,SUD
Puma SA-330,AEROSPATIALE
Pup,BEAGLE
Pup B-121,BEAGLE
Pursuit,RANS
Pursuit S-11,RANS
Pusher,PRESCOTT
Python,KIMBALL
PZL P-11C,HISTORICAL AIRCRAFT
QCF,WACO
QDC,WACO
QSO,WACO
Quail,AEROSPORT
Qualt,FMP
Quasar Lite,AEROALCOOL
Quickie,QUICKIE
R7V Constellation,LOCKHEED
R-80 Tiger Moth,FISHER
Radial Rocket,NEW CENTURY
Rafale,DASSAULT
Rail,AEROSPORT
Rally,STORMAIRCRAFT
Rally,SG AVIATION
Rallye 100,SOCATA
Rallye 100 MS-880,SOCATA
Rallye 115,SOCATA
Rallye 115 MS-883,SOCATA
Rallye 125,SOCATA
Rallye 125 MS-887,SOCATA
Rallye 150,SOCATA
Rallye 150 MS-892,SOCATA
Rallye 235,SOCATA
Rallye Club,SOCATA
"Rallye Club, MORANE-SAULNIER RALL LRallye Club MS-880",SOCATA
Rallye Commodore,SOCATA
Rallye Commodore MS-892,SOCATA
Rallye Commodore MS-893,SOCATA
Rallye Minerva,SOCATA
Rallye Minerva MS-884,SOCATA
Rangemaster,NAVION
RangeR,DAC
Raz-Mut,SAINT GERMAIN
RB-4 Bearhawk,AVIPRO
RBA,WACO
RC-121 Constellation,LOCKHEED
RC-412 Free Spirit,CABRINHA
RC-412 Free Spirit,CEI
RC-412 Free Spirit,FREE SPIRIT
Rebel,MURPHY
Rebel Elite,MURPHY
Regente,NEIVA
Regente C-42,NEIVA
Regente L-42,NEIVA
Regente N-591,NEIVA
Regente N-592,NEIVA
Regional Jet CRJ-1000,BOMBARDIER
Reliant,STINSON
Reliant AT-19,STINSON
Reliant SR,STINSON
Reliant V-77,STINSON
Renegade,MURPHY
Revelation,SLIPSTREAM
RJ-1 Jastreb,SOKO
RNF,WACO
Rocket Racer,VELOCITY
Rondone,AMBROSINI
Rondone,LOMBARDI
Rondone 2,PASOTTI
Rondone 2 F-7,PASOTTI
Rondone F-4,LOMBARDI
Rondone F-4,AMBROSINI
Rooivalk,ATLAS
Rooivalk,DENEL
Rooivalk AH-2,DENEL
Rooivalk CSH-2,DENEL
Rooivalk CSH-2,ATLAS
Roto-Pup,LITTLE WING
Rotormouse,HILLBERG
Rotormouse EH1-01,HILLBERG
RPT,WACO
RS-80 Tiger Moth,FISHER
RSA-200 Falcon,AFIC
Rubis,SCINTEX
Rubis ML-250,SCINTEX
Ryan Trainer,HISTORICAL AIRCRAFT
S,WACO
S-1-11 Super Stinker,AVIAT
S-1-11 Super Stinker,PITTS
"S-3 Viking, LOCKHEED S3 MS3HD",WACO
S-7 Courier,RANS
S-10 Sakota,RANS
S-11 Pursuit,RANS
S-12 Macho Stinker,KIMBALL
S-12 Macho Stinker,PITTS
S-12 Python,KIMBALL
S-12 Super Stinker,KIMBALL
S-12 Super Stinker,PITTS
S-16 Shekari,RANS
S-19 Venterra,RANS
S-25 Sandringham,SHORT
S-312 Tucano,SHORT
S Sidewinder,SMYTH
SA-2 Star Streak,CFM
"SA-2 Vimana, ICP SA2 LSA-3 Bulldog",BRITISH AEROSPACE
SA-3 Bulldog,SCOTTISH AVIATION
SA-60 Silhouette,LUNDS TEKNISKE
SA-60 Silhouette,SILHOUETTE
SA-160 Symphony,SYMPHONY
SA-315 Cheetah,HINDUSTAN
SA-315 Cheetal,HINDUSTAN
SA-315 Lama,AEROSPATIALE
SA-315 Lama,EUROCOPTER
SA-315 Lama,SUD
SA-315 Lancer,HINDUSTAN
SA-321 Super Frelon,AEROSPATIALE
SA-321 Super Frelon,SUD
SA-330 Puma,AEROSPATIALE
SA-330 Puma,SUD
SA-341 Gazelle,AEROSPATIALE
SA-341 Gazelle,SUD
SA-341 Partizan,SOKO
SA-342 Gazelle,EUROCOPTER
SA-342 Gazelle,AEROSPATIALE
SA-342 Gazelle,ABHCO
SA-342 Gazelle,SUD
SA-342 Partizan,SOKO
Saba,PARAVAR PARS
Saeta,HISPANO
Saeta HA-200,HISPANO
Safari,CANADIAN HOME ROTORS
Saffire,HALSTED
Sakota,RANS
Sakota S-10,RANS
Samaritan,CONVAIR
Samaritan C-131,CONVAIR
Sandringham,SHORT
Sandringham S-25,SHORT
Saphir,PIEL
Saphir CP-1320,PIEL
Saras,NAL
Sassy,PROTECH
Sassy PT-2,PROTECH
Savage,RUSSO
Savage,ZLIN AVIATION
Savannah,ICP
Savannah MXP-740,ICP
Sbach 300,XTREMEAIR
SBD Dauntless,DOUGLAS
SC-5 Belfast,SHORT
SC-07 Speed Cruiser,BOT AIRCRAFT
Scamp,AEROSPORT
"Scepter, SLIPSTREAM SCEP LSchlacro",AKAFLIEG MUNCHEN
Schlacro Mü-30,AKAFLIEG MUNCHEN
Scooter,FLAGLOR
Scorpion,ROTORWAY
Scout,WESTLAND
Scub,AERO KUHLMANN
SD-27 Corriedale,SIVEL
Sea Devon,DE HAVILLAND
Sea Fury,HAWKER
Sea Harrier,BRITISH AEROSPACE
Sea Hawk,HAWKER
Sea Hawk,ARMSTRONG WHITWORTH
Sea Hawker,AERO GARE
Sea Hurricane,HAWKER
Sea Panther,ROTEC
Sea Prince,PERCIVAL
Sea Prince P-57,PERCIVAL
Sea Storm,SG AVIATION
Seafire,SUPERMARINE
SeaMax,AIRMAX
SeaMax M-22,AIRMAX
Searchmaster,GAF
Searchmaster N-22,GAF
SeaRey,PROGRESSIVE AERODYNE
SeaSky,TECNAM
SeaSky P-92,TECNAM
"Seasprite SH-2, KAMAN H2 LSeaStar",EDRA
SeaStar,AAC
SeaStar,SEASTAR
Seawind,SEAWIND
Sentinel,BOMBARDIER
Sentinel,RAYTHEON
SH-14 Lynx,WESTLAND
Shackleton,AVRO
Shackleton 696,AVRO
Shamsher,HINDUSTAN
Shamsher,SEPECAT
Shark,SHARK AERO
Shearwater,SEAFLIGHT
Shekari,RANS
Shekari S-16,RANS
Sherpa,SHERPA
Sherpa C-400,SHERPA
Sherpa K-650T,SHERPA
Shoestring,MERCURY
Shuttle Carrier,BOEING
Shuttle Carrier 747SCA,BOEING
Sidewinder,SMYTH
Sidewinder S,SMYTH
Sierra,TECNAM
Sierra P-2002,TECNAM
Sigma,ELITAR
Silhouette,LUNDS TEKNISKE
Silhouette,SILHOUETTE
Silhouette SA-60,SILHOUETTE
Silhouette SA-60,LUNDS TEKNISKE
Sinus,PIPISTREL
Sk61,SCOTTISH AVIATION
Skimmer,COLONIAL
Skimmer C-1,COLONIAL
Skimmer C-2,COLONIAL
Sky Arrow,III
Sky Cruiser,BILSAM
Sky Ranger,BEST OFF
Sky Ranger,STRIPLIN
Sky Ranger,SYNAIRGIE
SkyBlaster,SLIPSTREAM
Skybolt,STEEN
Skyboy,INTERPLANE
Skycar,OMA SUD
Skycycle,CARLSON
Skyfox,PACI
Skylane,AIRLONY
Skylark,DRIGGS
Skyote,SKYOTE AEROMARINE
SkyQuest,INNOVATION
SkyQuest,SLIPSTREAM
Skyranger,REARWIN
Skyranger 175,REARWIN
Skyranger 180,REARWIN
SkyWind,HYDROPLANE
Snobird Adventurer,CALUMET
Snobird Adventurer,SNOBIRD
Snobird Adventurer 636,SNOBIRD
Snobird Adventurer 636,CALUMET
Snoshoo,VSR
Snoshoo SR-1,VSR
SNV Valiant,VULTEE
SO-1221 Djinn,SUD
SO-4050 Vautour,SUD
Sokol,MRAZ
Sokol M-1,MRAZ
Solitaire,RUTAN
Solitaire 77,RUTAN
Sonata,AIRSPORT
Sonerai,GREAT PLAINS
Sonerai,MONNETT
Sonex,SONEX
Sopwith Pup,CULP
"Sopwith Triplane, ST. CROIX STRI LSora",ACS
Space Walker 1,ANGLIN
Space Walker 2,ANGLIN
SparrowHawk,AMERICAN AUTOGYRO
Special,BEETS
Special,CASSUTT
Special,CULP
Special,WHATLEY
Special GB,BEETS
Speed Arrow,III
Speed Cruiser,BOT AIRCRAFT
Spinus,AMERICAN AUTOGYRO
Spirit,QUESTAIR
Spitfire,ISAACS
Spitfire,SUPERMARINE
Spitfire,TIME WARP
Spitfire Elite,LOEHLE
Spitfire Mk25,SUPERMARINE AIRCRAFT
Spitfire Mk26,SUPERMARINE AIRCRAFT
SPn Utility Jet,GROB
SPn Utility Jet G-180,GROB
Sport,MONG
"Sport 19, BEECH BE19 LSport 1700",AMAX
Sport Racer,SPORT RACER
SportCopter 2,SPORT COPTER
SportCruiser,CZAW
SportCruiser,CSA
Sportsman 2+2,GLASAIR
Sportsman 2+2,NEW GLASTAR
SportStar,EVEKTOR
Sportster,REARWIN
Sportster 7000,REARWIN
Sportster 8500,REARWIN
Sportster 9000,REARWIN
Sportster Gyro,AIRCRAFT DESIGNS
Sprite,PRACTAVIA
SR-1 Snoshoo,VSR
SR Reliant,STINSON
SRE Aristocrat,WACO
SS-4 Storch,STORCH AVIATION
SS-4 Storch,SLEPCEV
SS-4 Super Storch,STORCH AVIATION
SS-2000 Super Solution,VSTOL
SST-2000 Pairadigm,VSTOL
ST-A,RYAN
Stallion,HELIO
Stallion,AIRCRAFT DESIGNS
Stallion AU-24,HELIO
Stallion HST-550,HELIO
Star Streak,CFM
Star Streak SA-2,CFM
Starship,BEECH
Starship,RAYTHEON
Starship 2000,RAYTHEON
Starship 2000,BEECH
Stearman,PODESVA
Stiletto,TERZI
Stiletto T-9,TERZI
ST-M,RYAN
Storch,FLY SYNTHESIS
Storch,SLEPCEV
Storch,STORCH AVIATION
Storch SS-4,STORCH AVIATION
Storch SS-4,SLEPCEV
Storm,SG AVIATION
Storm,STORMAIRCRAFT
Storm Rally,PRESTIGE
ST-R,RYAN
Strato 1,GROB
Strato 1 G-520,GROB
Strato-Courier,HELIO
Strato-Courier H-392,HELIO
Strikemaster,BRITISH AEROSPACE
Strikemaster,BAC
Strikemaster 167,BAC
Strikemaster BAC-167,BRITISH AEROSPACE
Sunbird,VERILITE
Sunbird 100,VERILITE
Sunday Knight Twister,PAYNE
Super Ace,ACRO SPORT
Super Ace,ACE
Super Ace,CORBEN
Super Ace,POBER
Super Acro-Sport,ACRO SPORT
Super Acro-Sport,EAA
Super Baby Lakes,AIRCRAFT SPRUCE
Super Baby Lakes,OLDFIELD
Super Constellation,LOCKHEED
"Super Constellation L-1049, LOCKHEED CONI MSuper Coot",AEROCAR
Super Courier,HELIO
Super Courier H-295,HELIO
Super Courier H-395,HELIO
Super Courier HT-295,HELIO
Super Courier U-10,HELIO
Super Dimona,HOAC
Super Dimona,DIAMOND
Super Dimona HK-36,HOAC
Super Dimona HK-36,DIAMOND
Super Etendard,DASSAULT
Super Frelon,AEROSPATIALE
Super Frelon,SUD
Super Frelon SA-321,SUD
Super Frelon SA-321,AEROSPATIALE
Super Guepard,AERO SERVICES
Super Guppy,AERO SPACELINES
Super Guppy 377SGT,AERO SPACELINES
Super Hornet,HIGHER CLASS
Super Lynx,WESTLAND
Super Navion,RYAN
Super Petrel,EDRA
Super Pulsar 100,PULSAR
Super Sabre,NORTH AMERICAN
Super Sabre F-100,NORTH AMERICAN
Super Saeta,HISPANO
Super Saeta,CASA
Super Saeta HA-220,HISPANO
Super Saeta HA-220,CASA
Super Sky Raider,SKY RAIDER
Super Solution,VSTOL
Super Solution SS-2000,VSTOL
Super Stallion,AIRCRAFT DESIGNS
Super Starduster,STOLP
Super Stinker,KIMBALL
Super Stinker,AVIAT
Super Stinker (S-1-11),PITTS
Super Stinker (S-12),PITTS
Super Stinker S-1-11,PITTS
Super Stinker S-1-11,AVIAT
Super Stinker S-12,PITTS
Super Stinker S-12,KIMBALL
Super Storch,STORCH AVIATION
Super Storch SS-4,STORCH AVIATION
Super Universal,FOKKER
Super-Chipmunk,LEGER
SuperCobra,BELL
SuperCobra 209,BELL
SuperCobra 449,BELL
SuperCobra AH-1W,BELL
SuperCobra AH-1Z,BELL
Supermarine Spitfire,THUNDER WINGS
Superstar,MACHEN
SuperTransport,BELL
SuperTransport 214ST,BELL
Surion,KOREA AEROSPACE
Surubim,IPT
Surubim IPT-16,IPT
Swati,BHARAT
Swati LT-1,BHARAT
Swati LT-2,BHARAT
Swick-T,SWICK
Swift,SUPERMARINE
Swordfish,BLACKBURN
Swordfish,FAIREY
Sycamore,BRISTOL
Sycamore,CHAYAIR
Sycamore 171,BRISTOL
Symphony,OMF
Symphony,SYMPHONY
Symphony OMF-100,OMF
Syncro,FLY SYNTHESIS
T-9 Stiletto,TERZI
T-25 Universal,NEIVA
T-27 Tucano,EMBRAER
T-29,CONVAIR
T-35 Pillán,INDAER CHILE
T-35 Pillán,CASA
T-35 Tamiz,CASA
T-35A Pillán,ENAER
T-35B Pillán,ENAER
T-35C Pillán,ENAER
T-35D Pillán,ENAER
T-35DT Turbo Pillán,ENAER
T-35S Pillán,ENAER
T-35TX Aucán,ENAER
T-45 Goshawk,BRITISH AEROSPACE
T-45 Goshawk,BAE SYSTEMS
T-45 Goshawk,BOEING
T-45 Goshawk,MCDONNELL DOUGLAS
T-66 Nipper,AVIONS FAIREY
T-66 Nipper,SLINGSBY
T-66 Nipper,NIPPER
T-66 Nipper,TIPSY
TAH-1 HueyCobra,BELL
Taifun,TWI
Taifun,VALENTIN
"Taifun Bf-108, MESSERSCHMITT ME08 LTailwind",AJEP
Tailwind,AIRCRAFT SPRUCE
Tailwind,WITTMAN
Tailwind W-8,WITTMAN
Tailwind W-8,AJEP
Tailwind W-9,WITTMAN
Tailwind W-10,WITTMAN
Tailwind W-10,AIRCRAFT SPRUCE
Tamiz,CASA
Tamiz T-35,CASA
TAM-Jet,TAM
Tampico,SOCATA
Tampico TB-9,SOCATA
Tango-2,TEAM TANGO
Tauro,ANAHUAC
Taurus,PIPISTREL
TAV-8 Harrier,HAWKER SIDDELEY
TAV-8 Harrier,MCDONNELL DOUGLAS
TAV-8 Matador,MCDONNELL DOUGLAS
Tazarve,IRIAF
Tazarve JT-2-2,IRIAF
TB-9 Tampico,SOCATA
TB-10 Tobago,SOCATA
TB-20 Pashosh,SOCATA
TB-20 Trinidad,SOCATA
TB-21 Trinidad,SOCATA
TB-200 Tobago,SOCATA
TBF Avenger,GRUMMAN
TBM Avenger,GENERAL MOTORS
Teal,THURSTON
Teal,TEAL
Teal,SCHWEIZER
Teal TSC-1,TEAL
Teal TSC-1,THURSTON
Teal TSC-1,SCHWEIZER
Teenie Two,PARKER
Tejas,ADA
Terrier,FOXCON
Tetras,HUMBERT
Texan,FLY SYNTHESIS
T-Explorer,PRIVATE EXPLORER
TH-1S HueyCobra,BELL
Thruxton Jackaroo,JACKAROO
Tiger,EUROCOPTER
Tiger,AUSTRALIAN AEROSPACE
Tiger Moth,FISHER
Tiger Moth R-80,FISHER
Tiger Moth RS-80,FISHER
Tigercat,GRUMMAN
Tigercat F7F,GRUMMAN
Tigercat G-51,GRUMMAN
Tiger EC-665,EUROCOPTER
Tigre,EUROCOPTER
Tigre EC-665,EUROCOPTER
Tigress,LANCAIR
Tipsy B,BRIAN ALLEN
Tipsy B,AVIONS FAIREY
Tipsy BC,AVIONS FAIREY
Tipsy Belfair,AVIONS FAIREY
"Tipsy Junior, AVIONS FAIREY TIJU LTipsy Trainer",BRIAN ALLEN
Tipsy Trainer,AVIONS FAIREY
TJ-1 Jastreb,SOKO
TJ-21 Jastreb,SOKO
TJ-1500 Leader,MAVERICK
TJ-1500 TwinJet,MAVERICK
Tobago,SOCATA
Tobago TB-10,SOCATA
Tobago TB-200,SOCATA
Tornado,BRITISH AEROSPACE
Tornado,BAC
Tornado,AERITALIA
Tornado,PANAVIA
Tornado,MBB
Tornado SS,TITAN
Toxo,CAG
Tradewind,PACIFIC AIRMOTIVE
Trainer,GOAIR
Trainer,TIPSY
Trainer GT-1,GOAIR
Transition,TERRAFUGIA
T-Raptor,CAPELLA
Trener Baby,PODESVA
Trial,GROPPO
Tri-Motor,FORD
Tri-Motor (A),STINSON
Trinidad,SOCATA
Trinidad TB-20,SOCATA
Trinidad TB-21,SOCATA
Triplane Replica,SOPWITH
Trislander,ANGLO NORMANDY
Trislander,AVIONS FAIREY
Trislander BN-2A Mk3,ANGLO NORMANDY
Trislander BN-2A Mk3,AVIONS FAIREY
TSC-1 Teal,THURSTON
TSC-1 Teal,SCHWEIZER
TSC-1 Teal,TEAL
"Tucano, AOI TUCA LTucano",EMBRAER
Tucano,SHORT
Tucano A-27,EMBRAER
Tucano EMB-312,EMBRAER
Tucano EMB-312,AOI
Tucano EMB-312F,EMBRAER
Tucano S-312,SHORT
Tucano T-27,EMBRAER
Tundra,DREAM
Turbine Legend,LEGEND
Turbine Legend,PERFORMANCE
Turbine Seawind,SEAWIND
Turbine Stallion,AIRCRAFT DESIGNS
Turbo Pillán,ENAER
Turbo Pillán T-35DT,ENAER
Turbo Xtreme,DIAMOND
Turbo Xtreme HK-36,DIAMOND
Tutor,AVRO
Tutor 621,AVRO
Twin Bee,UNITED CONSULTANT
Twin Bee UC-1,UNITED CONSULTANT
Twin Courier,HELIO
Twin Courier H-500,HELIO
Twin Courier U-5,HELIO
Twin E-Z Flyer,BLUE YONDER
Twin Navion,CAMAIR
Twin Navion,RILEY
Twin Navion,TEMCO
Twin Navion 55,RILEY
Twin Navion 480,CAMAIR
Twin Navion D-16,TEMCO
Twin Pioneer,SCOTTISH AVIATION
Twinbee,KARI
TwinJet,MAVERICK
TwinJet TJ-1500,MAVERICK
Twinstar,FARRINGTON
Typhoon,BAE SYSTEMS
Typhoon,ALENIA
Typhoon,DASA
Typhoon,BRITISH AEROSPACE
Typhoon,CASA
Typhoon,EUROFIGHTER
Tzukit,IAI
Tzukit CM-170R,IAI
U-3M Pelikan,UETZ
U-4M Pelikan,UETZ
U-10 Super Courier,HELIO
U-18 Navion,RYAN
U-18 Navion,NORTH AMERICAN
U-19 Ipanema,EMBRAER
UBA,WACO
UBF,WACO
UC-1 Twin Bee,UNITED CONSULTANT
UC-64 Norseman,NOORDUYN
UEC,WACO
UIC,WACO
UKC,WACO
UKS,WACO
"UL-2000 Flamingo, AEROS UL2F LULA",WACO
Ultra Sport,SLIPSTREAM
Ultrabat,AUSTRALITE
Ultrasport 496,AMERICAN SPORTSCOPTER
UMF,WACO
UMF,WACO OHIO
Universal,NEIVA
Universal N-621,NEIVA
Universal N-622,NEIVA
Universal T-25,NEIVA
UPF,WACO
V,CULVER
V-54 Valiant,CONVAIR
V-54 Valiant,VULTEE
V-74 Valiant,VULTEE
V-77 Reliant,STINSON
V-166 Corsair,CHANCE VOUGHT
VA-10 Vantage,VISIONAIRE
Valiant,CONVAIR
Valiant,VULTEE
Valiant BT-13,VULTEE
Valiant BT-13,CONVAIR
Valiant BT-15,VULTEE
Valiant SNV,VULTEE
Valiant V-54,VULTEE
Valiant V-54,CONVAIR
Valiant V-74,VULTEE
Vampire,DE HAVILLAND
Vampire,SADLER
Vampire DH-100,DE HAVILLAND
Vampire DH-115,DE HAVILLAND
Vantage,VISIONAIRE
Vantage VA-10,VISIONAIRE
VariEze,RUTAN
VariEze 33,RUTAN
VariViggen,RUTAN
VariViggen 27,RUTAN
VariViggen 32,RUTAN
Vautour,SUD
Vautour SO-4050,SUD
VC-121 Constellation,LOCKHEED
VC-131G,CONVAIR
Vega Gull,PERCIVAL
Vega Gull K-1,PERCIVAL
Vega Gull P-10,PERCIVAL
Velocity,VELOCITY
Venom,DE HAVILLAND
Venom DH-112,DE HAVILLAND
Venterra,RANS
Venture,QUESTAIR
Venture,NUVENTURE
Venture M-20,QUESTAIR
Viator,PARTENAVIA
Viator,VULCANAIR
Viator,TANEJA
Viator AP-68TP-600,PARTENAVIA
Viator AP-68TP-600,VULCANAIR
Viator AP-68TP-600,TANEJA
Viima,VALTION
Vimy Replica,VICKERS
Vimy Replica FB-27,VICKERS
ViperJet,VIPER
Virus,PIPISTREL
Viscount,VICKERS
Vision,AMERICAN AFFORDABLE
Viva,COMPOSIT AIRPLANES
Vixen,AMAX
VKS,WACO
VM-T Atlant,MYASISHCHEV
VPF,WACO
VT-29,CONVAIR
Vulcan,AVRO
Vulcan 698,AVRO
V-Witt,AIRCRAFT SPRUCE
V-Witt,WITTMAN
W-8 Tailwind,AJEP
W-8 Tailwind,WITTMAN
W-9 Tailwind,WITTMAN
W-10 Tailwind,AIRCRAFT SPRUCE
W-10 Tailwind,WITTMAN
Waco Classic,CLASSIC
Waiex,SONEX
Warning Star,LOCKHEED
Warning Star WV,LOCKHEED
Wasp,AAK
Wasp,WESTLAND
Wee Scotsman,MOONEY
Wee Scotsman M-18,MOONEY
Wega,HK
Wessex,WESTLAND
Wessex WS-58,WESTLAND
WG-13 Battlefield Lynx,WESTLAND
WG-13 Lynx,WESTLAND
WG-13 Super Lynx,WESTLAND
Whisper,GROVE
Whisper,WHISPER
Whisper GR-2,GROVE
White Knight,SCALED
White Knight,RUTAN
White Knight 318,SCALED
White Knight 318,RUTAN
White Lightning,REFLEX
White Lightning,WHITE LIGHTNING
White Lightning WLAC-1,REFLEX
White Lightning WLAC-1,WHITE LIGHTNING
Whitney Straight,MILES
Whitney Straight M-11,MILES
Wichawk,JAVELIN
Wild Thing,ULTRALEICHTBAU
Wildcat,GRUMMAN
Wildcat,GENERAL MOTORS
Wildcat F4F,GRUMMAN
Wildcat FM,GENERAL MOTORS
Wildcat G-36,GRUMMAN
Windex,WINDEXAIR
Windex,RADAB
Windrose,MAUPIN
Windwagon,WATSON
Windwagon GW-1,WATSON
WLAC-1 White Lightning,WHITE LIGHTNING
WLAC-1 White Lightning,REFLEX
Woody Pusher,AEROSPORT
Woody Pusher,WOODS
WS-58 Wessex,WESTLAND
WT-01 Wild Thing,ULTRALEICHTBAU
WT-02 Wild Thing,ULTRALEICHTBAU
WV Warning Star,LOCKHEED
Xcite,XTREMEAIR
Xenon,CELIER
Xenon,ABS AEROLIGHT
Xenos,SONEX
Xiaoying,SHIJIAZHUANG
XP-30 Sbach 300,XTREMEAIR
XP-30 Xtreme 3000,XTREMEAIR
Xtreme,DIAMOND
Xtreme 1000,XTREMEAIR
Xtreme 3000,XTREMEAIR
Xtreme HK-36,DIAMOND
Yale,NORTH AMERICAN
Yale BT-9,NORTH AMERICAN
Yale BT-14,NORTH AMERICAN
Yale NJ,NORTH AMERICAN
Yastreb,SGAU
YKC,WACO
YKS,WACO
YMF,WACO CLASSIC
YMF,WACO OHIO
YMF,WACO
YOC,WACO
YPF,WACO
YPT-16,RYAN
YQC,WACO
Yunona,SHUYA
Z-1 Flitzer,FLITZER
Z-8,CHANGHE
Z-21 Flitzer,FLITZER
Zephyr,ATEC
Zéphyr,POTEZ
Zéphyr CM-175,POTEZ
Zero,MITSUBISHI
Zero A6M,MITSUBISHI
ZGC,WACO
Zia,APPLEBAY
ZIU,TAI
ZKS,WACO
ZPF,WACO
ZQC,WACO
Zùlù,BUL
ZVN,WACO
